Nom,Prenom,Adresse_Email,Adresse_Domicile,Nom_Conseiller
NomClient1,PrenomClient1,prenomc1.nomc1@khaliss-bank.fr,Marseille,MOUSSA
NomClient2,PrenomClient2,prenomc2.nomc2@khaliss-bank.fr,Marseille,C2
NomClient3,PrenomClient3,prenomc3.nomc3@khaliss-bank.fr,Marseille,MOUSSA
NomClient4,PrenomClient4,prenomc4.nomc4@khaliss-bank.fr,Marseille,C4
NomClient5,PrenomClient5,prenomc5.nomc5@khaliss-bank.fr,Marseille,MOUSSA
NomClient6,PrenomClient6,prenomc6.nomc6@khaliss-bank.fr,Marseille,Test1
NomClient7,PrenomClient7,prenomc7.nomc7@khaliss-bank.fr,Marseille,MOUSSA
NomClient8,PrenomClient8,prenomc8.nomc8@khaliss-bank.fr,Marseille,C2
NomClient9,PrenomClient9,prenomc9.nomc9@khaliss-bank.fr,Marseille,Test1
NomClient10,PrenomClient10,prenomc10.nomc10@khaliss-bank.fr,Marseille,C4
NomClient11,PrenomClient11,prenomc11.nomc11@khaliss-bank.fr,Marseille,MOUSSA
NomClient12,PrenomClient12,prenomc12.nomc12@khaliss-bank.fr,Marseille,MOUSSA