Nom,Prenom,Adresse_Email,Mot_De_Passe_Crypte,Adresse_Domicile,Numero__De_Compte,Nom_Conseiller
NomClient1,PrenomClient1,prenomc1.nomc1@khaliss-bank.fr,mdp,Marseille,999999999,MOUSSA
NomClient2,PrenomClient2,prenomc2.nomc2@khaliss-bank.fr,mdp,Marseille,999999999,C2
NomClient3,PrenomClient3,prenomc3.nomc3@khaliss-bank.fr,mdp,Marseille,999999999,MOUSSA
NomClient4,PrenomClient4,prenomc4.nomc4@khaliss-bank.fr,mdp,Marseille,999999999,C4
NomClient5,PrenomClient5,prenomc5.nomc5@khaliss-bank.fr,mdp,Marseille,999999999,MOUSSA
NomClient6,PrenomClient6,prenomc6.nomc6@khaliss-bank.fr,mdp,Marseille,999999999,Test1
NomClient7,PrenomClient7,prenomc7.nomc7@khaliss-bank.fr,mdp,Marseille,999999999,MOUSSA
NomClient8,PrenomClient8,prenomc8.nomc8@khaliss-bank.fr,mdp,Marseille,999999999,C2
NomClient9,PrenomClient9,prenomc9.nomc9@khaliss-bank.fr,mdp,Marseille,999999999,Test1
NomClient10,PrenomClient10,prenomc10.nomc10@khaliss-bank.fr,mdp,Marseille,999999999,C4
NomClient11,PrenomClient11,prenomc11.nomc11@khaliss-bank.fr,mdp,Marseille,999999999,MOUSSA
NomClient12,PrenomClient12,prenomc12.nomc12@khaliss-bank.fr,mdp,Marseille,999999999,MOUSSA
MOUSSA,Yasser,yasser.moussa@niama.fr,Marseille,MOUSSA
MOUSSA,Yasser,yasser.moussa@niama.fr,Marseille,MOUSSA
MOUSSA,Yasser,yasser.moussa@niama.fr,Marseille,MOUSSA
